id,officer_id,division_code,created_at
d9de63f6-f779-493d-80be-ea4e1fd905ce,0855043b-2b25-4a60-a32c-a4e276990ab6,SMD-VALLAMEAST,2026-07-10 07:14:41.229366+00
33b9a2df-3209-421c-aef9-840f291585b4,08fc0867-6861-42da-a7e0-385830db9cab,VJN-ELUMALAI,2026-07-03 17:25:51.072711+00
7f761541-47b0-4828-84c4-53438d7e07e7,106010ce-4069-4419-a169-61fa260163fc,MDP-THIRUKKANUR,2026-07-03 17:25:26.701676+00
9574409b-e035-42a1-b144-9fad02c2dfac,106010ce-4069-4419-a169-61fa260163fc,MDP-TINDIVANAM,2026-07-03 17:25:26.872198+00
a3480817-67c6-4630-9090-6b9e265bb893,11c3bdec-5b63-4c7a-b318-c10efb903949,SMD-AVALURPETTAI,2026-07-03 17:25:42.716303+00
40421d49-504a-4b60-a168-6fdc9c2484c7,11c3bdec-5b63-4c7a-b318-c10efb903949,SMD-VALTHY,2026-07-03 17:25:42.861308+00
5d5400c4-779b-4288-abe1-210a2069c58d,11c475fc-d6e1-4f5c-b1ee-5daf9c4b7884,SMD-VALLAMWEST,2026-07-10 07:14:54.569359+00
a9e40b7b-66b7-4d87-adc3-6d92127bdc4e,12763cdd-2d5f-4bcd-a7f1-0e9153a79995,SMD-AVALURPETTAI,2026-07-10 07:14:43.417484+00
815a6a2a-fa55-4d88-8c41-d38a0c5ba09d,13ae369c-a341-41e2-afcd-64cd626a5732,SMD-SEMMEDU,2026-07-03 17:25:32.065454+00
bb849505-4694-4161-b344-f71e313a4cf6,19925a57-8d09-477c-8e1a-0ba1273b087f,MDP-SOORAPATTU,2026-07-10 07:15:12.97183+00
1e4a9096-3bcd-4efa-9fdd-52f2ae7bf34b,1d7e920b-c682-44f5-aabb-bc7fadfbd8c8,MDP-THIRUKKANUR,2026-07-03 17:25:17.015053+00
3b077771-08d2-4c23-82c8-6ba17453ed5f,1d9d18a7-820e-4b34-b665-47fb48503f65,MDP-VALAVANUR,2026-07-10 07:15:05.598044+00
dd0ba599-7580-42d9-9ab6-a40bac90360e,1e0a832d-84fa-47c0-8109-233a124dcb24,SMD-ANANTHAPURAM,2026-07-10 07:14:52.354837+00
d1368bc5-e3ef-440a-b868-2e60e263c34c,21cd937b-add4-4e7d-ae77-0b7095d05934,VJN-MAYILADUMPAR,2026-07-03 17:25:59.955717+00
20dcaa9a-fec4-46c2-aa55-52dca6678054,2641eaec-71aa-4cba-a38d-7e5e33965002,MDP-KEDAR,2026-07-03 17:25:22.76004+00
d6699e3a-cc05-4b17-a65b-7ddc7cc27dc1,283cb2aa-8655-4acc-a3f2-345c91b52cca,SMD-VALTHY,2026-07-10 07:14:45.606839+00
07ce1350-78b1-483e-9c7c-0e69bbcb8fdd,28a330ea-9268-4cf7-b0f2-809404b918c4,SMD-VALTHY,2026-07-03 17:25:34.373835+00
fad45d9c-7b16-45e4-8825-dee751ffdc50,3339cf1b-a82b-49a3-adde-06636c8ed755,MDP-VILLUPURAM,2026-07-10 07:15:01.155553+00
0e8f7925-9d24-4dfe-ae0b-9a55617aea79,393e401f-9993-4858-8826-0f61ae2f635c,VJN-MAYILADUMPAR,2026-07-03 17:25:58.709418+00
7c6b5fd6-671b-4239-87f5-fc91054f2dee,3d33f1ab-f047-4613-87c3-77667b22f99a,MDP-KEDAR,2026-07-03 17:25:29.915604+00
78fe752a-9cf7-4a7e-b279-854c4db917b4,3d33f1ab-f047-4613-87c3-77667b22f99a,MDP-SOORAPATTU,2026-07-03 17:25:29.769247+00
5726de23-dc2a-4fdd-bb9c-7f6f079eece4,3e6914f9-b4c5-42e8-8b5c-9d63479959e3,VJN-THENI,2026-07-03 17:25:49.928715+00
2ace93df-6eba-4a5b-8b88-49d96231d3e9,410abce2-f39a-490d-9ca0-9356cfe12336,MDP-TINDIVANAM,2026-07-03 17:25:23.949176+00
9ca2d875-f170-4955-9a4c-4c813d7fb1b0,519c0e2c-7658-4968-b9c7-9c65c45a2ebc,SMD-GINGEESOUTH,2026-07-10 07:14:36.796144+00
1ccd9fb3-7864-435b-94c1-4695cc4d80ca,5a431641-87d5-4ab8-bf19-bb317a58ba08,MDP-KOLIYANUR,2026-07-10 07:15:10.398892+00
8bc4edaf-7be1-4ab5-9b70-8c9b2af240cb,5b0e3eac-68b2-4e16-8ff8-aabf80b58944,MDP-KOLIYANUR,2026-07-03 17:25:28.378279+00
3b922121-273f-4153-8016-27d86dff9446,5b0e3eac-68b2-4e16-8ff8-aabf80b58944,MDP-VALAVANUR,2026-07-03 17:25:28.184806+00
05741c32-da19-4304-96a0-9e4168a3bf8c,60059e03-16eb-4a43-ab00-4647e4ba6059,SMD-SEMMEDU,2026-07-10 07:14:39.038668+00
e88ed5d4-e711-43c8-9cdb-a183449f25cf,6006df4b-73a1-4093-80b6-0780d4548ff1,MDP-NEMUR,2026-07-10 07:15:08.075524+00
d596c24b-c4c1-4cfb-a61c-c2feba7568d2,6222e1c2-875e-4609-b3e5-6354db4a242a,MDP-THIRUKKANUR,2026-07-10 07:14:58.948192+00
15c5a73a-22db-4276-8555-3eb3a60702d3,698d1011-69e6-4459-ae7a-6544f0b1be45,MDP-KOLIYANUR,2026-07-03 17:25:19.267018+00
e1d53419-d5a5-49c2-9062-2a6ac8f1bcbe,6a18b7bd-03cc-4051-97f0-fff0520ddf6e,MDP-TINDIVANAM,2026-07-10 07:15:03.400435+00
9a81d6b7-701b-4e07-9a36-2f26e94e97ec,6b2c4711-5db6-473e-9c64-74282eacdfc0,MDP-SOORAPATTU,2026-07-03 17:25:21.6329+00
3a08f233-9709-4958-92fc-b2e64e0b3e63,721590b3-231e-43f0-8002-91057ebcfe5d,VJN-SAPTUR,2026-07-03 17:25:52.203057+00
e064fe52-3d02-4ea1-9dbc-28d79a10d6ce,87d870fa-a7b1-4af4-9c17-495a030094e8,SMD-GINGEENORTH,2026-07-03 17:25:39.192269+00
a7672fa8-a410-4e6b-bd05-a027bae759ea,87d870fa-a7b1-4af4-9c17-495a030094e8,SMD-GINGEESOUTH,2026-07-03 17:25:39.541594+00
9a14dfe4-3f62-484f-b0ed-0d4f6e33f21c,889e1599-45b1-40d4-8986-9f1ec28afe18,MDP-KANJANUR,2026-07-03 17:25:15.885459+00
be7b8f4d-00e3-4856-b0b8-e77b6ff4e164,889e1599-45b1-40d4-8986-9f1ec28afe18,MDP-NEMUR,2026-07-10 07:32:36.849188+00
b4456f4f-7b6e-4c80-8106-bb8c17d27139,90a42052-7d8a-4c1d-bb83-e756288921ae,SMD-GINGEESOUTH,2026-07-03 17:25:37.77401+00
2bb8fbd1-c55c-4cc2-897e-2e6526147bef,92d61557-da89-4587-b225-560162f866bd,SMD-KIZHPENNATHU,2026-07-10 07:14:56.763951+00
6f54b7c1-8bf5-492e-b7dc-f1a1b48476f5,959200ca-37d5-437a-a926-015d0a836bea,VJN-USILAMPATTY,2026-07-03 17:25:53.326941+00
ce48464a-aab7-4c2e-ba33-771ee5ef9c2c,9892a376-8abd-4731-8e6e-55a54ab88346,VJN-JAYAMANGALAM,2026-07-03 17:25:46.629169+00
08793939-1f86-4640-bbfe-1569c531e7b5,9aa02fdc-9470-498c-82f1-04733f9c5750,VJN-BODI,2026-07-03 17:25:45.619645+00
010af2aa-3367-4a67-8955-ce01f282139c,9d2de2e5-33c1-4026-8c0a-ece346e84d39,SMD-ANANTHAPURAM,2026-07-03 17:25:33.260173+00
708d69f6-e942-4855-b69b-9f082d7562f3,a98e3a58-04c3-471c-b731-8e686ccdfe22,VJN-MAYILADUMPAR,2026-07-03 17:25:47.672382+00
d7c56a81-1124-4e10-bf71-a004bbe888bc,aba7f661-e7ec-4797-aad5-3712f2a12642,MDP-MUNDIYAMPAKK,2026-07-10 07:15:17.28835+00
92eb8ce2-fe05-4c12-89f4-23ccc4efd322,abed14b2-ed1b-48dd-91d4-e91a763fbde7,VJN-PERIYAKULAM,2026-07-03 17:25:48.722977+00
5dbcaa81-ebcc-4ce5-af1e-f7cc5f401e4a,afc05cc4-94c7-4938-85c7-73b63646fe75,VJN-ELUMALAI,2026-07-03 17:25:57.467158+00
f17cba9c-6a43-43fd-bde4-6ce61ea5cd75,afc05cc4-94c7-4938-85c7-73b63646fe75,VJN-SAPTUR,2026-07-03 17:25:57.665769+00
224c756c-e142-4785-b8d6-96af5962a321,afc05cc4-94c7-4938-85c7-73b63646fe75,VJN-USILAMPATTY,2026-07-03 17:25:57.324809+00
068fb05f-ec78-4764-97c7-643f53d889d8,c7cc70aa-1d3f-43ed-a830-6498d0a04967,SMD-AVOOR,2026-07-03 17:25:36.626409+00
8be8a9f8-aebb-444e-a2f0-01ce072c72dc,cd10455c-0793-4096-8dc1-f5d705a84fa4,MDP-KANJANUR,2026-07-03 17:25:25.547688+00
81e4eb20-7723-4359-ae7e-bfaa40bf5435,cd10455c-0793-4096-8dc1-f5d705a84fa4,MDP-NEMUR,2026-07-03 17:25:25.306409+00
18b9abed-425a-4b02-ac4d-28bd222b5881,d0329d32-10e7-4f6e-8b6d-9cd793c69699,SMD-KIZHPENNATHU,2026-07-03 17:25:35.44594+00
3b5a9407-d034-4f88-b9cb-82eecd77cf03,d4a76707-b210-48c9-a612-05e1cd05d093,VJN-ANDIPATTY,2026-07-03 17:25:44.495818+00
4fecf41d-f44b-42b3-8c98-6004fbdd0b63,d625f17c-6d4b-4844-8672-c078b7ac3ca9,SMD-GINGEENORTH,2026-07-10 07:14:47.777141+00
cf0b9b67-a353-46ba-a08c-ada1d21ff2e4,d629a626-752e-46d0-a6e4-8e65fc5c73b1,SMD-VALLAMEAST,2026-07-03 17:25:40.870314+00
ee2c37a4-2f15-4164-b1e2-5973909d51e9,d629a626-752e-46d0-a6e4-8e65fc5c73b1,SMD-VALLAMWEST,2026-07-03 17:25:41.074046+00
12c6a867-0d92-4c30-b9c2-6724e60eb0f1,e5e15408-bf3b-4ff2-85cf-d720021613c7,MDP-KANJANUR,2026-07-10 07:15:19.506551+00
2d9f9117-bacc-4fd5-b8e9-72c49b4c29ea,ebfea55f-4f65-4e7d-8946-1b51ba870513,MDP-MUNDIYAMPAKK,2026-07-03 17:25:14.752376+00
5f6d79f6-e10b-45a9-a6db-983e1910d2a4,f14600fd-cae0-4ab9-aec5-2256925412ce,MDP-VILLUPURAM,2026-07-03 17:25:20.563622+00
6500b900-fb6f-4408-86c7-0dc71f5b20f6,f4e81a65-5030-46dc-b627-39f10f0e00d2,MDP-VALAVANUR,2026-07-03 17:25:18.099696+00
117e01d0-f90d-43a7-8975-9984567e1c70,fccd1099-600b-4439-865b-69ded64688e9,MDP-KEDAR,2026-07-10 07:15:15.135995+00
6316ea6e-1bda-42af-bab5-7e898aa3e2c6,fe7a3871-8c9e-439b-8cd3-3f765c2e6508,SMD-AVOOR,2026-07-10 07:14:49.948982+00